SELECT * FROM CLIENTE;
SELECT * FROM FUNCIONARIO;
SELECT * FROM FORNECEDOR;
SELECT * FROM PRODUTO;
SELECT * FROM PEDIDO;
SELECT * FROM ITEM_PEDIDO;
SELECT * FROM COMPRA;
SELECT * FROM ITEM_COMPRA;

INSERT INTO CLIENTE (ID_CLIENTE, NOME, ENDERECO, TELEFONE, EMAIL) 
VALUES (1, 'MARIA SILVA', 'RUA DAS FLORES, 123', '86999990001', 'MARIA@EMAIL.COM'),
(2, 'JOÃO PEREIRA', 'AV. BRASIL, 456', '86999990002', 'JOAO@EMAIL.COM'),
(3, 'ANA BEZERRA', 'RUA 7 DE SETEMBRO, 321', '86999990003', 'ANA@EMAIL.COM'),
(4, 'CARLOS LIMA', 'AV. JOAQUIM PIRES, 555', '86999990004', 'CARLOS@EMAIL.COM'),
(5, 'JULIANA MENDES', 'RUA AMAZONAS, 88', '86999990005', 'JULIANA@EMAIL.COM'),
(6, 'ROBERTO FONSECA', 'RUA CEARÁ, 222', '86999990006', 'ROBERTO@EMAIL.COM'),
(7, 'TATIANA SOUSA', 'AV. NOSSA SRA, 12', '86999990007', 'TATIANA@EMAIL.COM'),
(8, 'FERNANDO ALVES', 'RUA SÃO PEDRO, 91', '86999990008', 'FERNANDO@EMAIL.COM'),
(9, 'LUANA BRITO', 'AV. RIO POTY, 99', '86999990009', 'LUANA@EMAIL.COM'),
(10, 'DIEGO REIS', 'RUA BAHIA, 101', '86999990010', 'DIEGO@EMAIL.COM'),
(11, 'PRISCILA RIOS', 'RUA MINAS, 121', '86999990011', 'PRISCILA@EMAIL.COM'),
(12, 'RAFAEL OLIVEIRA', 'AV. MARANHÃO, 888', '86999990012', 'RAFAEL@EMAIL.COM'),
(13, 'ISABELLE GOMES', 'RUA GOIÁS, 333', '86999990013', 'ISABELLE@EMAIL.COM'),
(14, 'MARCOS ANTÔNIO', 'AV. PARNAÍBA, 77', '86999990014', 'MARCOS@EMAIL.COM'),
(15, 'PATRÍCIA FARIAS', 'RUA SÃO JOÃO, 56', '86999990015', 'PATRICIA@EMAIL.COM'),
(16, 'FELIPE COSTA', 'RUA DO LAGO, 202', '86999990016', 'FELIPE@EMAIL.COM'),
(17, 'SANDRA MOURA', 'AV. CENTRAL, 400', '86999990017', 'SANDRA@EMAIL.COM'),
(18, 'GUSTAVO MARTINS', 'RUA DO SOL, 150', '86999990018', 'GUSTAVO@EMAIL.COM'),
(19, 'VANESSA ALMEIDA', 'AV. DOS IPÊS, 34', '86999990019', 'VANESSA@EMAIL.COM'),
(20, 'LUCAS SILVEIRA', 'RUA DAS ACÁCIAS, 77', '86999990020', 'LUCAS@EMAIL.COM'),
(21, 'MARIANA TEIXEIRA', 'AV. DAS FLORES, 222', '86999990021', 'MARIANA@EMAIL.COM'),
(22, 'BRUNO COSTA', 'RUA DA PAZ, 13', '86999990022', 'BRUNO@EMAIL.COM'),
(23, 'ALESSANDRA MELO', 'AV. DOS GIRASSÓIS, 89', '86999990023', 'ALESSANDRA@EMAIL.COM');



INSERT INTO FUNCIONARIO (ID_FUNCIONARIO, NOME, TELEFONE, EMAIL, CARGO) 
VALUES (1, 'ANA LIMA', '86977777701', 'ANA@EMPRESA.COM', 'VENDEDORA'),
(2, 'CARLOS MENDES', '86977777702', 'CARLOS@EMPRESA.COM', 'GERENTE'),
(3, 'RENATA QUEIROZ', '86977777703', 'RENATA@EMPRESA.COM', 'VENDEDORA'),
(4, 'JOÃO PAULO', '86977777704', 'JOAO.P@EMPRESA.COM', 'CAIXA'),
(5, 'LUCAS TAVARES', '86977777705', 'LUCAS@EMPRESA.COM', 'ESTOQUISTA'),
(6, 'MARCELA VASCONCELOS', '86977777706', 'MARCELA@EMPRESA.COM', 'SUPERVISORA'),
(7, 'BRUNO NUNES', '86977777707', 'BRUNO@EMPRESA.COM', 'ATENDENTE');



INSERT INTO PRODUTO (ID_PRODUTO, ESTOQUE, NOME, PRECO, TIPO, ID_PRODUTO_COMPOE)
VALUES (1, 50, 'ROSAS VERMELHAS', 9.90, 'FLOR', NULL),
(2, 30, 'VASO CERÂMICA BRANCO', 19.90, 'VASO', NULL),
(3, 20, 'ARRANJO DE ROSAS', 29.90, 'ARRANJO', 1),
(4, 25, 'LÍRIO BRANCO', 12.50, 'FLOR', NULL),
(5, 15, 'VASO DE VIDRO', 25.00, 'VASO', NULL),
(6, 10, 'BUQUÊ MISTO', 35.90, 'ARRANJO', NULL),
(7, 40, 'GIRASSOL', 7.50, 'FLOR', NULL),
(8, 12, 'CARTÃO ESPECIAL', 5.00, 'EXTRA', NULL),
(9, 8, 'CAIXA DECORATIVA', 14.00, 'EMBALAGEM', NULL),
(10, 5, 'CORAÇÃO DE PELÚCIA', 22.00, 'PRESENTE', NULL),
(11, 50, 'MARGARIDAS', 6.90, 'FLOR', NULL),
(12, 35, 'VASO DE PLÁSTICO', 9.90, 'VASO', NULL),
(13, 18, 'TULIPAS', 11.90, 'FLOR', NULL),
(14, 22, 'ARRANJO DE GIRASSOL', 26.90, 'ARRANJO', 7),
(15, 9, 'ORQUÍDEAS', 39.90, 'FLOR', NULL),
(16, 15, 'CRISÂNTEMOS', 8.50, 'FLOR', NULL),
(17, 20, 'LAVANDA', 10.00, 'FLOR', NULL),
(18, 14, 'VIOLETAS', 7.80, 'FLOR', NULL),
(19, 10, 'JASMIM', 9.00, 'FLOR', NULL),
(20, 12, 'PEÔNIAS', 13.00, 'FLOR', NULL),
(21, 7, 'HORTÊNCIAS', 15.00, 'FLOR', NULL),
(22, 25, 'ARRANJO DE LÍRIOS', 30.00, 'ARRANJO', 4),
(23, 18, 'ARRANJO MISTO', 40.00, 'ARRANJO', NULL),
(24, 22, 'FLORES DO CAMPO', 9.50, 'FLOR', NULL),
(25, 16, 'AMOR PERFEITO', 8.90, 'FLOR', NULL),
(26, 20, 'ASTROMÉLIAS', 11.00, 'FLOR', NULL),
(27, 15, 'VASO DECORATIVO', 27.00, 'VASO', NULL),
(28, 10, 'BUQUÊ DE ORQUÍDEAS', 55.00, 'ARRANJO', 15);


INSERT INTO FORNECEDOR (ID_FORNECEDOR, NOME, TELEFONE, EMAIL) 
VALUES (1, 'FLORICULTURA CENTRAL', '86975555555', 'CONTATO@FLORCENTRAL.COM'),
(2, 'PLANTAS NORTE', '86974444444', 'VENDAS@PLANTASNORTE.COM'),
(3, 'NATUREZA VIVA', '86973333333', 'NATUREZA@EMAIL.COM'),
(4, 'JARDIM FLORIDO', '86972222222', 'JARDIM@EMAIL.COM'),
(5, 'FLOR & CIA', '86971111111', 'CONTATO@FLORECIA.COM'),
(6, 'VERDE JARDIM', '86970000000', 'CONTATO@VERDEJARDIM.COM'),
(7, 'RAÍZES NATURAIS', '86969999999', 'RAIZES@NATURAIS.COM'),
(8, 'MUNDO DAS FLORES', '86968888888', 'MUNDO@FLORES.COM');


INSERT INTO COMPRA (ID_COMPRA, ID_FORNECEDOR, DATA, TOTAL, ID_FUNCIONARIO) 
VALUES (1, 1, '2025-06-01', 250.00, 2),
(2, 2, '2025-06-05', 300.00, 3),
(3, 3, '2025-06-07', 280.00, 5),
(4, 4, '2025-06-10', 180.00, 6),
(5, 5, '2025-06-12', 210.00, 7),
(6, 6, '2025-06-13', 195.00, 1),
(7, 7, '2025-06-14', 220.00, 4),
(8, 8, '2025-06-15', 175.00, 2),
(9, 1, '2025-06-16', 260.00, 3),
(10, 3, '2025-06-17', 230.00, 5),
(11, 5, '2025-06-18', 205.00, 6);


INSERT INTO ITEM_COMPRA (ID_COMPRA, ID_PRODUTO, QUANT, VALOR_UNITARIO) 
VALUES (1, 1, 20, 8.00),
(1, 2, 5, 17.00),
(1, 15, 10, 37.00),
(2, 4, 10, 11.00),
(2, 7, 15, 6.50),
(2, 13, 8, 10.50),
(3, 11, 20, 6.00),
(3, 13, 10, 10.00),
(3, 16, 10, 7.50),
(4, 9, 10, 12.00),
(4, 8, 5, 4.50),
(5, 15, 5, 37.00),
(5, 6, 7, 33.00),
(5, 28, 3, 52.00),
(6, 3, 6, 27.00),
(6, 12, 8, 8.50),
(6, 17, 10, 9.00),
(7, 18, 12, 7.00),
(7, 19, 5, 8.00),
(7, 20, 4, 12.00),
(8, 21, 7, 14.00),
(8, 22, 6, 28.00),
(9, 23, 5, 38.00),
(9, 24, 10, 8.50),
(10, 25, 12, 7.50),
(10, 26, 8, 10.00),
(11, 27, 7, 25.00),
(11, 5, 9, 23.00);


INSERT INTO PEDIDO (ID_PEDIDO, ID_CLIENTE, TELEFONE, TOTAL, ID_FUNCIONARIO) 
VALUES (1, 1, '86999990001', 150.00, 2),
(2, 2, '86999990002', 120.00, 1),
(3, 3, '86999990003', 210.00, 3),
(4, 4, '86999990004', 180.00, 5),
(5, 5, '86999990005', 95.00, 6),
(6, 6, '86999990006', 130.00, 7),
(7, 7, '86999990007', 220.00, 1),
(8, 8, '86999990008', 175.00, 4),
(9, 9, '86999990009', 260.00, 2),
(10, 10, '86999990010', 195.00, 3),
(11, 11, '86999990011', 210.00, 5),
(12, 12, '86999990012', 180.00, 6),
(13, 13, '86999990013', 140.00, 7);


INSERT INTO ITEM_PEDIDO (ID_PEDIDO, ID_PRODUTO, QUANT, VALOR_UNITARIO) 
VALUES (1, 1, 10, 9.90),
(1, 7, 5, 7.50),
(2, 2, 3, 19.90),
(2, 9, 2, 14.00),
(3, 3, 4, 29.90),
(3, 5, 2, 25.00),
(4, 6, 3, 35.90),
(4, 8, 1, 5.00),
(5, 1, 5, 9.90),
(5, 4, 4, 12.50),
(6, 7, 8, 7.50),
(6, 10, 1, 22.00),
(7, 15, 6, 37.00),
(7, 18, 4, 7.00),
(8, 11, 7, 6.00),
(8, 14, 3, 8.00),
(9, 13, 10, 10.50),
(9, 12, 5, 8.50),
(10, 20, 5, 12.00),
(10, 21, 6, 14.00),
(11, 25, 7, 7.50),
(11, 26, 8, 10.00),
(12, 27, 3, 25.00),
(12, 22, 2, 28.00),
(13, 23, 4, 38.00);
